"Region","year","births_count","doctors_per_capita","hosp_count","IMR_all","LOS","pc_beds","pc_cancer","pc_diabetes","pop","pop_m","pop_f","pc_digestive","pc_genitourinary","pc_injury","pc_respiratory","pc_TB","urban_percent","pc_hosp"
"Arys",2000,1462,1.91,6,17.1,12.8,3.92,2.113,1.0114,60.6,29.83,29.83,18.828,15.077,7.244,82.838,1.865,57.64,99.009900990099
"Arys",2001,1518,1.93,6,13.96,11.8,4.19,2.244,1.0435,61.6,30.5,30.7,23.068,34.903,21.705,88.019,1.932,57.95,97.4025974025974
"Arys",2002,1387,2.05,6,16.95,11.7,4.23,2.35,1.0505,61.7,30.4,31.22,43.063,43.484,23.047,118.654,1.572,58.25,97.2447325769854
"Arys",2003,1464,1.96,6,12.8,11.8,4.18,2.411,1.0676,61.8,30.8,31.31,30.566,38.203,15.13,130.631,2.443,58.4,97.0873786407767
"Arys",2004,1648,2,7,14.6,10.7,5.32,2.751,1.089,62.5,31.2,31.68,29.92,34.336,18.192,121.088,1.143,58.75,112
"Arys",2005,1524,1.9,7,9.8,10.6,4.18,2.912,1.098,63.3,33.3,30.7,31.106,39.48,18.057,124.692,1.144,59.1,110.584518167457
"Arys",2006,1855,1.95,7,18.5,9.8,5.22,1.958,1.046,64,31.9,31.3,31.172,50.344,32.187,94.001,1.07,59.2,109.375
"Arys",2007,1596,1.76,5,22.7,9.3,6.38,3.421,0.995,64.6,13.6,13.3,54.659,48.715,25.48,138.313,1.053,58.3,77.3993808049536
"Arys",2008,2199,1.882,7,25.9,9.2,4.78,3.634,0.984,65.5,32.8,33,66.427,72.87,27.069,111.053,1.685,58.7,106.870229007634
"Arys",2009,1996,1.75,7,14.4,9.1,4.87,3.74,0.82,65.9,32.9,33,65.96,52.327,29.774,137.642,1.16,38.8,106.221547799696
"Arys",2010,2098,2.32,7,16.6,9.1,4.73,3.183,0.737,63.8,32.1,32.4,65.549,49.467,20.799,157.994,0.893,38.6,109.717868338558
"Arys",2011,1619,2.56,5,18.3,9.8,4.46,3.855,0.777,66.4,33.4,32.7,69.577,79.514,19.279,185.94,0.925,38.4,75.3012048192771
"Arys",2012,2288,2.46,5,15.6,9.2,4.38,3.78,0.791,66.8,34.1,33.2,75.733,77.62,19.671,179.476,0.753,61.5,74.8502994011976
"Arys",2013,1259,2.55,5,17.9,8.9,4.18,4.233,0.794,67.8,37,35.6,75.324,77.124,20.177,178.584,0.838,61.3,73.7463126843658
"Arys",2014,2193,2.59,5,15.1,8.4,4.11,4.823,9.528,72.4,37.2,35.7,73.039,70.898,19.779,182.942,0.678,58.3,69.060773480663
"Arys",2015,2253,2.16,5,13.9,10,3.89,4.416,9.922,73.3,37.2,35.7,97.937,60.416,23.442,229.073,0.552,58.3,68.212824010914
"Arys",2016,2225,2.03,6,8.2,9.9,3.87,4.402,10.739,73.9,37.8,36.3,80.797,81.649,31.107,207.376,0.477,58.4,81.190798376184
"Arys",2017,2031,2.09,4,11.2,7.2,2.86,4.951,10.997,74.1,37.9,36.3,100.646,114.246,20.291,240.337,0.568,59.3,53.9811066126856
"Arys",2018,2097,1.94,2,7.5,7.5,3.34,5.145,13.532,74,38.1,36.1,64.392,79.76,12.587,78.842,0.446,59.8,27.027027027027
"Baydibek",2000,1208,1.37,9,19.4,13.1,5.13,1.843,0.323,51.3,25.7,25.7,19.746,20.058,7.339,66.569,1.637,0,175.438596491228
"Baydibek",2001,1195,1.26,10,19.45,11.9,5.13,2.007,0.3535,52,25.84,25.3,21.109,18.249,9.339,78.113,1.615,0,192.307692307692
"Baydibek",2002,1111,1.39,10,15.95,11.2,5.32,1.942,0.3368,52,26.1,25.6,22.173,21.73,9.961,76.153,1.5,0,192.307692307692
"Baydibek",2003,1229,1.35,10,13.1,11.2,5.25,2.168,0.3553,52.1,26.4,26,23.58,14.337,8.195,78.33,1.727,0,191.938579654511
"Baydibek",2004,1307,1.32,10,11.1,9.8,5.2,2.476,0.3695,52.8,26.76,26.41,32.632,21.307,15.985,68.617,1.145,0,189.393939393939
"Baydibek",2005,1247,1.32,10,7.8,10.1,5.25,2.5,0.388,53.5,23.3,25.3,22.093,20.47,10.635,81.87,1.603,NA,186.915887850467
"Baydibek",2006,1578,1.33,10,19.1,9.8,5.03,2.728,0.386,54.3,27.4,27.1,26.132,28.839,2.707,109.042,1.13,NA,184.162062615101
"Baydibek",2007,821,1.27,9,18.9,10.1,4.99,2.651,0.3785,54.9,27.8,27.3,20.71,18.761,3.005,83.953,1.257,NA,163.934426229508
"Baydibek",2008,1896,1.423,9,16.9,9.4,4.95,2.531,0.369,55.3,28,27.4,23.309,13.671,14.683,69.801,1.273,0,162.748643761302
"Baydibek",2009,1442,1.66,9,7.9,9,4.92,2.748,0.246,55.5,28,27.5,40.107,14.39,24.426,94.265,1.085,0,162.162162162162
"Baydibek",2010,1345,2.25,9,15.2,5.8,4.88,2.992,0.523,53.5,27.3,26.4,39.869,23.271,22.542,112.71,1.089,NA,168.224299065421
"Baydibek",2011,749,2.65,9,16.4,9.3,4.8,3.626,0.509,53.8,27.5,26.5,44.075,20.916,14.467,86.991,0.972,NA,167.28624535316
"Baydibek",2012,1341,2.48,9,13,9.3,5.34,2.825,0.519,54.1,27.6,26.4,46.839,21.959,14.898,89.926,0.781,NA,166.358595194085
"Baydibek",2013,537,2.5,9,13,11,5.1,3.149,0.515,54.3,27.9,26.8,47.053,22.081,15.23,90.479,0.795,NA,165.745856353591
"Baydibek",2014,1293,2.63,9,11.4,10.1,4.74,3.61,6.998,54.6,27.9,26.8,51.327,20.128,17.877,86.478,0.755,NA,164.835164835165
"Baydibek",2015,1276,2.2,9,12.8,10.1,4.63,4.616,7.138,55,27.9,26.7,59.621,25.658,9.613,108.684,0.549,NA,163.636363636364
"Baydibek",2016,1176,2.23,9,7.6,10,4.64,4.015,7.401,55.2,28.1,27,50.321,16.894,10.629,93.597,0.4,NA,163.04347826087
"Baydibek",2017,1106,2.16,8,5.2,7.8,3.68,4.48,7.727,54.6,27.9,26.7,73.702,24.167,6.572,109.598,0.398,NA,146.520146520147
"Baydibek",2018,1195,2.13,1,14.6,7.8,3.75,4.667,10.041,53.7,27.6,26.3,53.313,24.564,2.864,107.834,0.428,NA,18.6219739292365
"Kazygurt",2000,2302,1.36,8,21.3,9.8,2.96,1.606,0.726,90.1,44.8,44.8,13.685,10.688,11.387,51.324,0.921,0,88.7902330743618
"Kazygurt",2001,2495,1.33,8,20.42,9.5,2.91,1.675,0.766,92.2,45.4,45,14.929,12.05,4.547,61.058,0.894,0,86.7678958785249
"Kazygurt",2002,2246,1.47,8,25.18,9.6,3.47,1.896,0.7529,92.8,46.3,45.9,71.691,47.176,13.265,77.025,0.991,0,86.2068965517241
"Kazygurt",2003,2459,1.53,7,13.4,9.7,3.38,1.862,0.7941,93.4,47.4,47,19.957,22.42,14.453,83.222,0.953,0,74.9464668094218
"Kazygurt",2004,2697,1.59,8,16.1,9.1,3.41,2.098,0.7324,95.6,48.56,48.12,22.385,21.266,9.759,76.589,0.93,0,83.6820083682008
"Kazygurt",2005,2578,1.54,8,10.3,8.6,3.47,2.207,0.764,97.7,47.7,45,17.143,18.153,6.95,95.673,0.899,NA,81.8833162743091
"Kazygurt",2006,2909,1.56,8,16.4,8.8,3.27,2.112,0.741,99.8,50.6,50.1,26.583,21.022,15.06,78.527,0.6,NA,80.1603206412826
"Kazygurt",2007,2153,1.48,5,18.5,8.7,2.88,2.384,0.7412,101.6,51.4,51,30.6,31.083,10.394,95.896,0.807,NA,49.2125984251969
"Kazygurt",2008,3288,1.471,5,25.5,8.1,2.82,2.549,0.756,103.6,52.4,52,28.89,22.645,1.0087,102.616,0.709,0,48.2625482625483
"Kazygurt",2009,3149,1.47,6,11.2,7.7,2.8,2.345,0.712,104.5,52.5,52,32.716,22.953,9.601,131.585,0.792,0,57.4162679425837
"Kazygurt",2010,3132,1.67,6,12.9,6.7,2.84,2.526,0.672,102.7,52.1,51.5,38.033,26.573,9.873,135.764,0.83,NA,58.4225900681597
"Kazygurt",2011,2219,1.75,6,17.2,7.6,2.79,3.067,0.714,104.6,53.7,51.8,45.161,31.5,13.116,129.094,0.779,NA,57.3613766730402
"Kazygurt",2012,3273,1.85,6,18.8,7.6,2.58,3.269,0.731,106.1,54.4,52.2,44.637,30.54,14.015,129.877,0.65,NA,56.550424128181
"Kazygurt",2013,1896,1.92,6,13.5,6.6,2.37,3.563,0.736,107.2,55.4,53,44.394,30.485,14.468,129.533,0.584,NA,55.9701492537313
"Kazygurt",2014,3208,2,5,14.5,7,2.34,3.256,8.116,108.3,55.6,53.1,43.98,28.68,14.423,131.016,0.65,NA,46.1680517082179
"Kazygurt",2015,3148,1.78,5,12.8,7.01,2.32,3.186,8.356,108.9,55.7,53.1,41.264,51.447,14.122,169.345,0.379,NA,45.9136822773186
"Kazygurt",2016,3142,1.84,5,12.9,7.2,2.33,3.599,9.393,108.7,55.6,52.7,42.588,64.02,9.244,99.332,0.551,NA,45.9981600735971
"Kazygurt",2017,2954,1.79,5,4.9,7,2.35,3.742,9.971,107.5,55.2,52.7,43.001,51.783,6.65,140.118,0.552,NA,46.5116279069767
"Kazygurt",2018,2878,1.92,1,9.9,6.8,2.39,3.955,15.793,105.9,54.7,51.4,37.723,55.357,8.6,153.97,0.481,NA,9.44287063267233
"Kentau city",2000,1425,2.06,8,23.9,13.6,5.39,2.98,0.741,82.4,39.23,39.23,18.932,16.396,2.075,111.092,1.238,85.51,97.0873786407767
"Kentau city",2001,1433,2.16,8,19.87,11.8,5.62,3.361,0.71,82.2,38.75,40.3,19.903,36.84,1.852,80.799,1.138,85.25,97.323600973236
"Kentau city",2002,1340,2.27,8,17.34,11.6,5.86,3.201,0.7693,80.6,38.79,40.6,16.674,42.233,2.741,81.203,1.141,85.11,99.2555831265509
"Kentau city",2003,1547,2.18,8,16.4,11.8,5.77,3.225,0.7932,80,39.1,41.34,15.762,33.3,4.262,65.75,1.213,85.03,100
"Kentau city",2004,1683,2.33,8,13,11.2,5.95,3.35,0.757,81.4,39.88,42.54,17.95,32.653,4.459,83.599,1.093,85.07,98.2800982800983
"Kentau city",2005,1587,2.32,8,10.3,10.8,5.78,3.452,0.774,83,33,40.3,18.421,31.81,4.516,100.566,0.981,87.07,96.3855421686747
"Kentau city",2006,1918,2.33,8,14.7,11.2,5.97,4.409,0.773,84.1,40.5,44.1,26.29,16.896,14.387,84.852,0.88,87.1,95.1248513674198
"Kentau city",2007,2036,1.95,8,19.1,10.6,5.89,4.47,0.768,85.2,41,44.8,31.831,24.847,16.96,151.925,0.868,87,93.8967136150235
"Kentau city",2008,2306,1.94,7,18.6,10.4,5.89,4.683,0.77,86.5,41.6,45.6,24.358,26.959,7.653,139.584,0.887,85.6,80.9248554913295
"Kentau city",2009,2211,1.9,7,11.6,9.5,5.61,4.554,0.75,88,42,46,32.497,25.891,8.263,135.925,0.844,58.5,79.5454545454545
"Kentau city",2010,2433,2.23,7,8.9,8.4,5.37,4.608,0.489,83.8,40.3,44.3,43.699,22.303,7.983,131.313,0.844,58.2,83.5322195704057
"Kentau city",2011,2312,2.26,6,17.1,10.4,4.7,5.322,0.527,86.1,42.3,44.9,44.344,14.391,10.298,129.224,0.859,70.8,69.6864111498258
"Kentau city",2012,2506,2.26,2,17,9.6,4.36,4.123,0.557,88.3,43.3,46,43.205,14.383,10.985,138.448,0.836,71.2,22.6500566251416
"Kentau city",2013,1938,2.4,2,14.6,9.8,4.3,4.373,0.548,90.1,44.3,47,42.73,14.229,10.866,137.037,0.759,71,22.1975582685905
"Kentau city",2014,2412,2.5,2,11.4,9.8,4.11,4.229,11.942,91.6,44.9,47.5,58.155,12.314,11.07,133.221,0.721,71.2,21.8340611353712
"Kentau city",2015,2359,1.945,2,10.8,8.9,3.45,3.976,14.075,93.3,44.9,47.5,66.534,40.366,16.716,112.086,0.524,71.2,21.4362272240086
"Kentau city",2016,2063,1.9,2,8.7,7.8,3.15,3.632,13.841,94.6,46.2,48.9,46.483,23.759,21.372,156.278,0.514,71.2,21.1416490486258
"Kentau city",2017,2016,2.11,2,5.6,7.6,3.11,4.703,13.671,96.6,47,49.6,60.483,34.152,21.25,169.54,0.56,70.7,20.703933747412
"Kentau city",2018,4018,1.31,1,5.5,7.3,1.61,3.881,9.33,201.8,101.1,102,28.108,18.189,9.087,94.076,0.248,33.9,4.95540138751239
"Maktaaral",2000,6443,1.85,6,14.8,9.1,2.46,1.9,0.834,243.3,119.85,119.85,22.815,10.547,11.944,106.029,0.797,26.55,24.6609124537608
"Maktaaral",2001,6769,1.75,6,15.61,8.7,2.42,2.009,0.878,248,121.1,122.7,18.008,10.198,12.436,100.23,0.687,26.05,24.1935483870968
"Maktaaral",2002,6497,1.76,6,14.27,8.8,2.51,2.142,0.8038,249.3,123.6,125,40.525,19.137,11.793,90.308,1.027,25.66,24.0673886883273
"Maktaaral",2003,6914,1.71,6,12.2,8.3,2.73,1.941,0.8547,251.4,126.42,127.9,26.941,16.833,15.266,96.758,0.923,25.48,23.8663484486874
"Maktaaral",2004,7753,1.68,6,15.5,8,2.7,2.223,0.8858,257,129.2,130.58,28.805,21.973,13.984,94.031,0.948,25.22,23.3463035019455
"Maktaaral",2005,7635,1.62,6,10.8,7.8,2.52,2.346,0.893,261.7,161.7,122.7,36.16,22.78,14.202,120.855,1.015,26,22.927015666794
"Maktaaral",2006,7966,1.64,6,15.9,7.7,2.58,2.469,0.868,266,133.7,134.9,44.075,21.909,11.229,115.725,0.83,25.9,22.5563909774436
"Maktaaral",2007,7733,1.5,6,14.9,7.3,2.55,2.654,0.8925,270.5,135.8,136.6,38.654,23.076,11.534,112.111,0.906,26,22.181146025878
"Maktaaral",2008,8661,1.458,6,21.9,7.5,2.51,2.871,0.902,274.4,136.9,137.1,31.49,17.89,15.532,109.912,0.961,10.9,21.865889212828
"Maktaaral",2009,8583,1.51,6,13.7,7.3,2.64,2.926,2.491,276,138,138,48.521,21.899,19.596,115.158,0.725,28.5,21.7391304347826
"Maktaaral",2010,8940,1.52,6,11.7,5.5,2.5,3.078,1.447,289.5,145.8,145,34.173,21.447,20.339,113.807,0.682,35.7,20.7253886010363
"Maktaaral",2011,8413,1.56,6,15,8.1,2.46,3.243,1.506,293.1,148.1,146.4,44.09,22.774,16.366,94.642,0.636,11.2,20.4708290685773
"Maktaaral",2012,8876,1.59,4,14.8,7.8,2.28,3.21,1.531,295.4,149.6,146.6,44.265,22.485,16.249,97.691,0.597,10.6,13.54096140826
"Maktaaral",2013,8117,1.61,4,13.7,7.3,2.25,3.408,1.55,297.8,152.7,148.8,44.325,22.408,16.907,97.377,0.589,10,13.4318334452653
"Maktaaral",2014,9330,1.65,4,12.9,7,2.23,2.968,10.97,301.2,153.7,149.3,47.794,21.959,16.84,99.734,0.557,9.5,13.2802124833997
"Maktaaral",2015,9341,1.4,4,14.1,6.9,2.18,2.924,10.489,304.3,153.7,149.3,41.271,24.064,23.693,129.556,0.458,9.5,13.1449227735787
"Maktaaral",2016,8958,1.43,4,10.3,6.9,2.18,3.098,11.243,305.8,155.5,150.1,38.598,30.37,19.709,99.049,0.444,8.6,13.080444735121
"Maktaaral",2017,8410,1.63,4,5,6.7,2.21,3.206,11.76,304.7,155.3,149.4,36.654,28.501,16.313,117.846,0.51,8,13.1276665572694
"Maktaaral",2018,8498,1.89,4,11.2,6.4,2.22,3.377,17.615,303.2,155.4,148,36.361,32.243,16.263,126.019,0.429,8.1,13.1926121372032
"Ordabasy",2000,1930,1.14,5,21.3,12.4,3.67,1.802,0.741,82.4,40.88,40.88,22.439,8.666,12.439,36.614,1.408,0,60.6796116504854
"Ordabasy",2001,1922,1.18,5,19.45,12.6,3.83,1.759,0.774,83.5,41,40.3,21.252,7.725,10.542,30.505,1.095,0,59.8802395209581
"Ordabasy",2002,1804,1.41,5,17.49,12,3.91,2.099,0.734,82.9,41.3,40.5,35.367,21.23,12.641,43.437,1.616,0,60.313630880579
"Ordabasy",2003,1940,1.4,5,13.9,10.8,3.84,2.715,0.7897,82.5,42.23,41,31.987,12.327,11.818,50.751,1.297,0,60.6060606060606
"Ordabasy",2004,2136,1.5,5,14.5,10.3,3.75,2.715,0.7457,84.3,43.28,42,34.555,14.816,10.937,62.479,1.248,0,59.3119810201661
"Ordabasy",2005,2112,1.49,5,8.8,10.3,4,3.274,0.753,87.2,47.2,40.3,39.98,14.61,15.011,72.56,1.128,NA,57.3394495412844
"Ordabasy",2006,2443,1.5,5,17.5,10.8,3.44,3.474,0.714,91,46.9,45.9,42.571,29.648,6.67,56.538,0.96,NA,54.9450549450549
"Ordabasy",2007,1404,1.43,4,24.3,10.7,3.31,3.285,0.7526,94.8,48.7,47.9,32.785,21.888,11.445,66.086,0.939,NA,42.1940928270042
"Ordabasy",2008,2982,1.413,4,26.8,9.8,3.2,2.67,0.784,98.2,50.3,48.4,40.662,28.941,17.851,79.379,1.035,0,40.7331975560081
"Ordabasy",2009,2964,1.54,4,7.1,10,3.16,3.024,1.03,100,50,50,42.453,27.992,22.878,89.03,0.937,0,40
"Ordabasy",2010,3202,1.67,4,8.5,6.4,2.79,3.254,2.314,106.3,54.3,53.3,28.325,17.422,10.79,85.24,0.89,NA,37.6293508936971
"Ordabasy",2011,2694,1.67,3,20,9,2.25,3.273,2.273,109.4,56.1,54.8,43.885,31.054,10.903,80.96,0.771,NA,27.4223034734918
"Ordabasy",2012,3741,1.63,3,16.6,9.6,2.19,3.391,2.328,112.6,57.7,56.4,43.446,29.84,14.121,77.46,0.74,NA,26.6429840142096
"Ordabasy",2013,2400,1.73,3,11.6,7.1,2.14,3.628,2.326,115.5,59.5,58.1,42.606,29.299,14.606,75.853,0.746,NA,25.974025974026
"Ordabasy",2014,3764,1.79,3,11.8,7.2,2.07,3.394,16.354,116.4,60.1,58.6,43.992,26.587,14.461,87.505,0.606,NA,25.7731958762887
"Ordabasy",2015,3863,1.58,2,14.5,9,2.02,3.235,18.342,116.8,58.8,57.3,39.969,54.861,15.791,70.3526,0.567,NA,17.1232876712329
"Ordabasy",2016,3763,1.57,2,10.3,6.4,2.03,3.56,8.7,117.5,59.6,57.8,32.311,44.791,23.455,76.77,0.676,NA,17.0212765957447
"Ordabasy",2017,3527,1.77,2,2.1,6.4,2.04,3.773,9.457,118.9,60.4,58.5,52.193,26.638,20.171,73.535,0.51,NA,16.820857863751
"Ordabasy",2018,3253,1.67,1,5.9,7.3,2.05,3.973,14.048,118.8,60.6,58.3,38.087,32.119,16.775,91.551,0.421,NA,8.41750841750842
"Otyrar",2000,1138,1.09,9,17.9,12.9,5.35,1.853,0.2036,54.8,27.42,27.42,8.394,8.485,7.226,39.379,1.277,0,164.233576642336
"Otyrar",2001,1190,1.23,9,28.59,12.3,5.34,2.116,0.272,55.4,27.48,26.9,10.856,9.016,6.685,33.206,1.293,0,162.454873646209
"Otyrar",2002,1203,1.37,9,19.66,12.2,5.67,2.138,0.2238,55.2,27.6,27.1,54.637,73.097,8.822,48.079,1.522,0,163.04347826087
"Otyrar",2003,1178,1.34,9,16,11.5,5.62,2.036,0.238,55,27.83,27.36,34.981,48.218,12.6,47.781,1.436,0,163.636363636364
"Otyrar",2004,1281,1.42,9,14.4,10.3,5.56,2.545,0.2215,55.4,28.1,27.55,19.91,28.935,13.231,60.162,1.304,0,162.454873646209
"Otyrar",2005,1187,1.4,9,10.3,10.3,5.64,2.418,0.223,55.8,25.8,26.9,29.731,27.992,9.68,76.595,1.087,NA,161.290322580645
"Otyrar",2006,1518,1.43,9,22.5,10.1,5.51,2.956,0.285,56.2,28.5,27.8,22.971,31.53,9.502,49.644,0.99,NA,160.142348754448
"Otyrar",2007,1265,1.26,6,17.1,9.7,4.84,3.469,0.2312,56.6,28.7,28.1,24.647,23.198,7.261,58.41,0.902,NA,106.007067137809
"Otyrar",2008,1420,1.2,6,33.1,9.1,4.8,2.833,0.251,57.1,28.9,28.3,25.902,19.124,9.352,40.963,1.027,0,105.07880910683
"Otyrar",2009,1429,1.57,8,8.4,9,5.12,3.764,0.642,57.5,29,28.5,39.722,27.916,7.795,71.788,0.893,0,139.130434782609
"Otyrar",2010,1426,1.82,8,16.9,8.6,5.43,3.854,0.185,53.9,27.5,26.8,42.931,30.445,6.79,69.462,0.848,NA,148.423005565863
"Otyrar",2011,976,1.94,8,16,10.9,5.66,4.489,0.212,55,28.2,27.4,35.25,30.705,5.603,77.996,0.872,NA,145.454545454545
"Otyrar",2012,1477,1.92,8,18,10.2,5.47,4.254,0.237,56,28.5,27.7,35.482,30.482,6.428,76.875,0.836,NA,142.857142857143
"Otyrar",2013,853,2.02,8,13.5,10.2,5.1,4.566,0.229,56.5,27.3,26.6,35.434,30.442,6.956,76.796,0.804,NA,141.592920353982
"Otyrar",2014,1414,2.25,6,12,10,4.53,3.451,4.087,53.7,27.3,26.7,40.093,32.205,7.46,83.293,0.549,NA,111.731843575419
"Otyrar",2015,1247,2,6,8.1,6.9,4.29,3.266,4.159,54.1,27.4,26.7,29.95,22.181,4.687,58.8669,0.484,NA,110.90573012939
"Otyrar",2016,1204,2.05,6,8.9,9.1,4.12,3.709,8.769,54.4,27.6,26.9,27.94,34.571,6.503,51.637,0.277,NA,110.294117647059
"Otyrar",2017,1053,2.13,5,6.3,7.3,3.39,3.444,9.23,54.6,27.7,26.8,30.394,35.743,5.678,74.894,0.496,NA,91.5750915750916
"Otyrar",2018,1165,2.12,1,9.4,7.3,3.44,3.881,16.621,53.8,27.4,26.4,33.353,43.269,5.293,110.568,0.464,NA,18.5873605947955
"Saryagash",2000,5761,1.41,8,15.1,11.4,3.43,1.061,0.8236,217.8,107,107,30.555,19.128,13.448,116.147,0.914,12.49,36.7309458218549
"Saryagash",2001,5823,1.51,14,19.78,10.4,3.64,1.179,0.861,222.1,107.53,107.3,28.732,23.908,21.006,135.437,0.939,12.18,63.0346690679874
"Saryagash",2002,5772,1.65,14,15.04,10.2,3.69,1.473,0.8439,222.6,110.4,110.6,38.297,34.398,11.828,14,0.912,12.2,62.8930817610063
"Saryagash",2003,6152,1.58,16,13.9,10,4.09,1.67,0.8498,223.9,113.23,113.4,34.104,38.217,22,159.03,0.933,10.27,71.4604734256364
"Saryagash",2004,7322,1.68,16,13.3,9.7,4.1,2.032,0.8534,229.7,116.15,116.38,52.373,53.7,29.961,16.53,1.286,11.91,69.6560731388768
"Saryagash",2005,7284,1.62,16,11.9,9.4,4.12,2.115,0.88,235.5,117.2,107.3,66.356,43.893,23.125,194.44,0.775,11.91,67.9405520169851
"Saryagash",2006,7615,1.67,16,14.3,9.1,3.83,2.917,0.857,242.7,122.9,124.9,49.67,48.496,19.765,214.899,0.69,11.8,65.9250103007829
"Saryagash",2007,7066,1.52,12,19.3,8.9,3.49,2.501,0.8625,250.2,126.7,127.3,56.443,42.654,28.325,201.583,0.624,11.9,47.9616306954436
"Saryagash",2008,9194,1.47,13,20,7.9,3.35,2.693,0.873,257.6,127.6,129,60.31,49.429,14.883,203.47,0.587,11.5,50.4658385093168
"Saryagash",2009,8886,1.5,14,10.7,7.7,3.31,2.628,2.182,260.5,130,130.5,69.723,50.231,17.636,232.42,0.493,29,53.742802303263
"Saryagash",2010,9400,1.64,14,12.9,6.7,3.04,2.765,0.347,282.5,143.2,143.3,59.667,37.182,17.607,204.743,0.471,39.3,49.5575221238938
"Saryagash",2011,8261,1.64,14,18,7.9,2.75,2.93,0.373,291.6,148.7,147.2,59.416,32.081,15.77,170.736,0.414,13.7,48.0109739368999
"Saryagash",2012,10064,1.7,13,14.8,7.8,2.76,2.59,0.391,299.4,152.3,150.6,54.946,30.357,16.339,163.093,0.408,13.4,43.4201736806947
"Saryagash",2013,7993,1.7,13,13.9,7.6,2.72,3.087,0.404,306.1,157.2,155,54.25,29.817,15.505,160.464,0.387,13,42.4697811172819
"Saryagash",2014,10868,1.66,13,11.7,7.4,2.59,2.525,9.164,312.4,159,156.6,56.383,29.257,15.336,165.819,0.366,12.5,41.6133162612036
"Saryagash",2015,10579,1.41,13,11.9,7.5,2.51,2.631,8.716,318.8,159,156.7,58.388,44.305,15.29,161.645,0.343,12.5,40.7779171894605
"Saryagash",2016,9714,1.41,14,11.1,7.2,2.43,2.747,9.784,323.1,163.5,160.7,46.919,36.487,16.996,169.039,0.276,12,43.3302383163107
"Saryagash",2017,9210,1.53,12,4.5,7,2.41,2.872,9.759,326.9,165,161.9,39.866,38.465,10.543,164.052,0.499,11.6,36.7084735393087
"Saryagash",2018,9623,1.7,3,8.4,6.9,2.51,3.117,13.387,327.2,166.5,161.9,33.149,23.905,5.164,87.473,0.385,10.4,9.16870415647922
"Sayram",2000,5431,1.51,7,20.1,9.3,2.54,2.531,0.994,224,109.13,109.13,19.174,15.531,15.531,88.343,0.857,0,31.25
"Sayram",2001,5521,1.64,7,23.63,9.2,2.49,2.495,1.118,229,109.4,109.6,13.338,17.646,11.505,77.384,0.77,0,30.5676855895197
"Sayram",2002,5849,1.6,7,18.14,9.1,3.28,2.646,0.9079,227.9,111.9,112.25,23.44,18.345,8.802,67.169,0.715,0,30.7152259763054
"Sayram",2003,6115,1.58,7,13.8,9,3.31,2.911,0.9919,227,114.8,114.9,13.872,15.23,7.696,85.881,0.775,0,30.8370044052863
"Sayram",2004,6779,1.58,7,14.8,8.5,3.21,3.321,0.968,233,118.4,118.54,12.81,16.275,8.071,85.096,0.814,0,30.0429184549356
"Sayram",2005,6658,1.56,7,9.6,8.5,3.4,3.416,0.935,240,140,109.6,14.345,17.36,8.45,106.583,0.945,NA,29.1666666666667
"Sayram",2006,6989,1.59,7,16.3,8.1,3.04,3.516,0.965,246.5,124.9,124.9,13.732,18.45,5.809,77.611,0.54,NA,28.3975659229209
"Sayram",2007,5331,1.53,7,20.9,7.8,3.1,3.634,0.978,254.1,124.7,124.4,14.892,17.906,5.659,87.568,0.633,NA,27.5482093663912
"Sayram",2008,9134,1.56,7,25.6,7.6,2.96,3.888,0.981,252.8,125.5,125.3,19.046,19.039,11.155,115.89,0.645,0,27.6898734177215
"Sayram",2009,9057,1.62,7,8.5,7.7,2.92,3.84,3.112,256.5,128.5,128,18.665,21.588,14.807,121.907,0.506,0,27.2904483430799
"Sayram",2010,8948,1.59,7,9.3,5.6,2.49,4.165,0.539,291.2,147.7,147.5,18.297,18.328,10.687,98.953,0.483,NA,24.0384615384615
"Sayram",2011,5197,1.68,8,12.7,8.4,2.72,3.832,0.622,299.3,151.6,151.1,14.756,17.047,11.745,88.001,0.412,NA,26.7290344136318
"Sayram",2012,9814,1.74,7,14.6,9.1,2.65,3.585,0.641,306.9,155.6,155.3,14.832,16.083,12.62,87.211,0.378,NA,22.8087324861518
"Sayram",2013,6013,1.79,7,11,8.5,2.53,3.736,0.646,315.3,160,159.1,14.538,15.75,12.315,85.668,0.355,NA,22.2010783380907
"Sayram",2014,6259,2.14,5,7.5,8.2,3.22,4.814,8.43,257.5,160.8,159.6,16.179,13.849,14.14,74.555,0.222,NA,19.4174757281553
"Sayram",2015,6196,2.06,5,8.7,8,3.08,3.793,10.297,197.2,160.9,159.6,24.705,15.121,7.008,108.873,0.179,NA,25.3549695740365
"Sayram",2016,6238,2.06,6,7.6,7.6,2.92,4.244,13.231,200.9,102.1,100.6,30.523,47.39,16.011,121.38,0.294,NA,29.8656047784968
"Sayram",2017,5953,2.13,4,2.8,7.2,2.68,4.263,13.628,206.3,104,102.3,45.037,56.172,20.579,134.245,0.239,NA,19.3892389723703
"Sayram",2018,6175,2.21,3,8.9,6.9,2.83,4.441,18.538,204.2,104.9,102.9,56.893,54.274,20.917,147.738,0.201,NA,14.6914789422135
"Shardara",2000,1641,1.88,5,15.9,11.6,4.05,1.901,0.82,65.9,33.12,33.12,7.542,9.165,2.322,77.299,1.275,39.05,75.8725341426404
"Shardara",2001,1825,1.69,5,24.08,10.1,3.98,2.154,0.8745,67.5,33.7,33.1,8.597,11.836,2.836,49.672,1.766,39.15,74.0740740740741
"Shardara",2002,1767,1.79,5,11.81,10.3,4.25,2.123,0.8878,68.3,34.43,33.95,31.683,19.458,4.158,80.937,1.669,39.17,73.2064421669107
"Shardara",2003,1906,1.64,5,13,9.9,4.14,2.272,0.8671,69.1,35.26,34.74,23.806,12.011,4.356,70.361,1.939,39.25,72.3589001447178
"Shardara",2004,2210,1.74,5,11.6,9.4,4.04,2.243,0.8586,70.9,36.01,35.7,13.26,11.65,5.811,72.609,1.586,39.56,70.5218617771509
"Shardara",2005,2158,1.58,5,10.4,9.4,4.23,2.242,0.873,72.4,32.4,33.1,14.585,12.14,10.594,89.254,1.571,39.4,69.060773480663
"Shardara",2006,2489,1.57,5,15.3,11.2,3.88,2.969,0.853,73.9,37.3,37.2,12.557,18.701,10.731,105.047,1.06,39.1,67.65899864682
"Shardara",2007,1705,1.36,5,19.7,8.5,3.81,2.855,0.8785,75.7,38.1,38.1,10.836,11.658,3.7,107.785,1.445,39.2,66.0501981505945
"Shardara",2008,2339,1.47,5,18.4,8.2,3.75,3.249,0.89,76.8,38.7,38.4,13.229,5.351,1.224,162.851,1.26,41.9,65.1041666666667
"Shardara",2009,2301,1.48,3,9.3,8.3,3.71,3.359,1,78,39,39,3.469,3.166,2.282,167.397,1.107,32.5,38.4615384615385
"Shardara",2010,2218,1.62,3,15.2,9.2,3.6,3.602,0.526,76,38.6,37.8,4.145,7.592,3.263,184.671,1.088,30.7,39.4736842105263
"Shardara",2011,1694,1.68,3,14.7,9.3,3.41,3.894,0.577,77.2,39.5,38.1,20.434,8.75,2.711,205.684,1.092,39.7,38.860103626943
"Shardara",2012,2304,1.77,3,15.3,9.9,3.38,3.484,0.609,78.1,40,38.4,31.139,9.936,2.676,197.567,1.062,39.4,38.4122919334187
"Shardara",2013,1342,1.68,3,13.9,9.5,3.32,3.713,0.607,78.9,40.5,38.8,31.115,9.911,5.032,197.148,1.037,39,38.0228136882129
"Shardara",2014,2119,1.74,3,16.3,9.7,3.31,3.054,9.404,79.3,40.6,38.7,31.816,9.912,5.132,207.516,0.989,38.5,37.8310214375788
"Shardara",2015,1944,1.52,2,14.2,10.1,2.75,3.023,9.209,79.3,40.6,38.8,56.778,32.628,4.472,179.153,0.744,38.5,25.2206809583859
"Shardara",2016,2028,1.62,2,10.2,7.9,2.76,2.758,10.484,79.1,40.5,38.3,62.802,41.202,6.901,161.548,0.693,37.6,25.2844500632111
"Shardara",2017,1966,1.82,2,6.1,7.8,2.7,3.301,11.165,78.6,40.5,38,58.448,45.712,6.349,147.091,0.72,36.9,25.4452926208651
"Shardara",2018,2071,1.63,1,7.7,7.3,2.19,3.711,17.382,77.9,40.4,37.7,59.706,45.906,5.533,149.388,0.501,36.4,12.8369704749679
"Shymkent city",2000,6774,3.33,38,22,10.3,4.9,5.349,1.218,418.7,210.92,235.44,109.551,31.189,70.759,234.375,1.665,91.78,90.7571053260091
"Shymkent city",2001,7799,3.28,26,16.4,10.8,4.99,5.829,1.234,411.7,213.05,235.3,113.147,33.907,75.849,252.768,1.395,92.15,63.1527811513238
"Shymkent city",2002,8610,2.98,27,18.99,10.7,4.09,4.909,1.2237,476.1,232.24,256.28,97.655,31.543,66.051,29.243,1.533,92.18,56.710775047259
"Shymkent city",2003,9629,3.04,40,13.9,10.4,4.03,4.568,1.2472,510.3,234.71,259.77,90.533,38.885,65.202,224.474,1.157,92.22,78.3852635704488
"Shymkent city",2004,11431,3.21,41,13.3,9.6,4,4.974,1.2223,517.6,247.67,273.68,106.24,42.591,62.736,235.497,1.025,100,79.2117465224111
"Shymkent city",2005,12461,3.2,42,32.3,8.5,4.04,5.307,1.211,524,230.6,342.2,91.563,56.435,70.513,255.664,1.011,100,80.1526717557252
"Shymkent city",2006,13122,3.21,40,17.9,9.4,4.02,6.064,1.336,530.9,242.9,393.7,86.231,47.018,53.635,213.48,0.83,100,75.3437558862309
"Shymkent city",2007,16533,3.36,45,19.3,8.6,4.27,6.534,1.3313,540.4,270.4,298.1,39.093,41.153,55.771,216.743,0.952,100,83.2716506291636
"Shymkent city",2008,17330,2.6,33,26.9,8.3,3.94,6.998,1.34,560.7,264.6,293.1,47.116,32.992,82.78,219.67,0.993,100,58.8550026752274
"Shymkent city",2009,15794,2.62,34,47.7,7.9,3.74,7.03,1.37,589,282,337,48.674,57.277,87.05,251.803,0.997,100,57.7249575551783
"Shymkent city",2010,18789,7.1,32,29.9,7.3,2.92,7.553,0.65,624.4,287.5,317.2,50.41,47.407,40.381,221.682,1.03,100,51.249199231262
"Shymkent city",2011,31763,7.3,38,15.8,8.6,2.82,7.701,1.025,636,290.4,325,66.946,38.204,43.096,199.656,0.829,100,59.748427672956
"Shymkent city",2012,18865,7.11,36,11.8,8.8,2.74,7.581,1.105,652.5,300.3,335.2,64.378,38.352,41.86,193.232,0.789,100,55.1724137931034
"Shymkent city",2013,34854,5.86,47,10.3,8.5,2.56,7.529,1.099,673.6,303.8,340,63.13,37.617,41.058,189.528,0.716,100,69.7743467933492
"Shymkent city",2014,23363,2.61,41,9.6,8.3,1.89,6.674,20.661,770.4,324,360.2,64.952,36.233,36.59,185.182,0.737,100,53.2191069574247
"Shymkent city",2015,24010,3.57,48,8.2,8.4,1.85,5.651,13.177,872.1,424.9,460.2,75.908,64.691,17.897,164.415,0.609,100,55.0395596835225
"Shymkent city",2016,23125,3.57,41,7.3,7.9,1.73,6.227,14.241,899.6,438.6,456.4,69.502,60.156,20.255,192.474,0.429,100,45.5758114717652
"Shymkent city",2017,25739,3.62,48,13,10.2,1.85,6.247,15.034,952.2,458.5,493.7,75.055,65.937,17.731,211.23,0.513,100,50.4095778197858
"Shymkent city",2018,NA,3.98,26,8.4,8.4,3.01,6.052,23.458,980.6,471.5,509.1,73.033,63.976,16.068,218.279,0.431,100,26.5143789516622
"Sozak",2000,1162,1.11,12,25.7,12.1,5.98,1.903,0.503,48.1,24.14,24.14,8.254,3.742,11.247,7.692,1.372,13.59,249.480249480249
"Sozak",2001,1162,1.46,12,29.08,10.5,5.97,2.286,0.549,49,24.3,23.7,5.124,4.834,4.563,6.867,1.515,13.89,244.897959183673
"Sozak",2002,1143,1.52,13,28.88,11.6,6.28,1.967,0.5288,48.8,24.7,23.9,8.565,6.946,7.889,7.418,1.455,14.38,266.393442622951
"Sozak",2003,1287,1.58,13,21.9,10.9,6.12,1.89,0.5301,49.2,25.24,24.5,6.504,7.296,4.227,10.67,1.179,15.48,264.227642276423
"Sozak",2004,1428,1.31,11,30,10.9,6.05,3.191,0.5536,50.1,25.56,24.79,17.685,10.978,8.124,22.435,1.024,15.82,219.560878243513
"Sozak",2005,1325,1.31,11,13.7,10.4,6.23,1.676,0.545,50.8,20.8,23.7,35.214,9.1,8.16,53.392,1.466,15.82,216.535433070866
"Sozak",2006,1656,1.35,11,15.1,10.3,6.33,1.529,0.523,51.6,26.5,25.6,21.473,10.639,5.775,49.574,1.07,15.75,213.178294573643
"Sozak",2007,1432,1.42,5,15.5,10.1,5.77,1.686,0.5658,52.7,27,26.2,16.224,9.336,8.235,42.676,0.835,15.78,94.876660341556
"Sozak",2008,1707,1.5,7,24,9.9,4.68,1.804,0.573,53.9,27.7,26.7,12.727,12.857,9.128,14.954,1.065,0,129.87012987013
"Sozak",2009,1689,1.69,9,19.4,9.1,4.62,2.096,0.512,54.5,27.5,27,13.049,8.965,9.509,31.215,0.724,0,165.137614678899
"Sozak",2010,1736,2.4,9,22,9.8,4.98,2.377,1.57,53.5,27.6,26.6,16.019,6.168,8.093,67.178,0.701,NA,168.224299065421
"Sozak",2011,1418,2.47,9,17.6,9.1,4.86,3.214,0.174,54.9,28.1,27.4,21.421,7.196,9.533,84.579,0.71,NA,163.934426229508
"Sozak",2012,1782,2.52,10,14.4,8.5,5.45,3.151,0.51,56.2,28.8,27.9,21.263,7.1,9.579,81.566,0.71,NA,177.935943060498
"Sozak",2013,1138,2.46,10,20.1,8.2,3.98,3.235,0.507,57.5,30.1,29.1,20.991,7.009,10.191,80.504,0.623,NA,173.913043478261
"Sozak",2014,1739,2.35,8,13.1,8.1,3.88,3.078,8,59,30.4,29.3,19.065,8.01,10.262,76.257,0.504,NA,135.593220338983
"Sozak",2015,1681,1.94,8,11.4,7.6,3.6,3.73,8.146,60.3,30.4,29.3,17.67,20.04,6.465,43.595,0.373,NA,132.669983416252
"Sozak",2016,1616,2,10,10.6,7.8,4.68,3.265,8.216,61.3,31.4,30.2,25.014,25.095,11.308,91.228,0.282,NA,163.132137030995
"Sozak",2017,1598,2.01,10,5.4,7.5,4.17,3.506,8.841,62,31.6,30.4,40.047,22.27,17.32,112.447,0.31,NA,161.290322580645
"Sozak",2018,1512,2.07,1,6.3,7.2,4.23,3.717,13.856,61.3,31.4,30.1,50.582,60.004,15.763,106.983,0.228,NA,16.3132137030995
"Tole Bi",2000,2471,1.43,5,14,10.8,4.49,2.637,0.64,107.5,52.58,52.58,11.386,9.153,11.851,87.367,0.874,19.52,46.5116279069767
"Tole Bi",2001,2309,1.56,5,18.31,10.5,4.45,2.567,0.695,109,52.5,52.6,9.288,8.688,7.458,102.505,0.684,18.87,45.8715596330275
"Tole Bi",2002,2386,1.68,5,19.78,10.5,4.57,3.389,0.6753,107.7,53.04,53.2,26.87,18.56,15.32,92.516,0.761,18.34,46.4252553389044
"Tole Bi",2003,2404,1.71,5,14,10.4,4.53,3.602,0.625,106.6,53.63,53.59,20.018,17.851,9.953,76.613,0.76,17.9,46.9043151969981
"Tole Bi",2004,2717,1.7,5,11.6,9.6,4.5,3.996,0.6973,108,54.36,54.44,18.555,13.833,10.139,107.555,0.738,17.52,46.2962962962963
"Tole Bi",2005,2615,1.6,5,13.8,9.3,4.62,3.907,0.654,109.7,59.7,52.6,18.573,17.72,11.672,99.42,0.71,17.52,45.5788514129444
"Tole Bi",2006,2946,1.61,5,21.3,9,4.34,4.29,0.645,111.7,56.3,56.4,30.636,33.858,17.565,115.649,0.71,17.46,44.762757385855
"Tole Bi",2007,2426,1.75,3,19.5,8.8,4.05,4.306,0.606,113.9,57.4,57.4,25.487,29.543,10.342,94.925,0.685,17.35,26.3388937664618
"Tole Bi",2008,3247,1.75,3,29.3,8.6,3.97,3.943,0.615,116.1,58.9,58.6,30.93,22.86,12.334,114.005,0.956,18.91,25.8397932816537
"Tole Bi",2009,3462,1.84,3,10.4,8.4,3.92,4.099,1.42,117.5,58.5,59,38.184,25.625,17.846,135.228,0.758,22,25.531914893617
"Tole Bi",2010,3366,1.92,3,13,7.5,3.54,4.527,0.651,126,63.6,63.6,39.27,27.556,17.563,143.04,0.703,24.7,23.8095238095238
"Tole Bi",2011,2348,2.04,2,16.7,9.1,3.05,4.769,0.67,128.8,65.1,65.1,34.563,26.54,10.048,172.008,0.667,19.4,15.527950310559
"Tole Bi",2012,3613,2.01,2,18.5,8,3,4.782,0.686,131.2,66.1,65.8,34.009,24.924,10.549,166.829,0.644,19.1,15.2439024390244
"Tole Bi",2013,1787,1.96,2,18.5,7.4,3,4.649,0.685,132.7,66.9,66.4,33.836,24.8,9.314,166.541,0.564,18.5,15.0715900527506
"Tole Bi",2014,3276,2.33,2,12.1,7.3,3.35,3.851,98.19,124.3,67.2,66.8,34.942,24.335,10.382,196.936,0.528,17.9,16.0901045856798
"Tole Bi",2015,3265,1.91,2,13.3,7.2,3.27,4.324,11.932,116.1,57.9,57.4,68.768,53.996,23.213,224.804,0.458,20.8,17.2265288544358
"Tole Bi",2016,3154,1.95,2,11.4,7.1,3.25,4.297,12.037,117.1,58.9,58.4,41.236,47.604,23.205,187.925,0.396,20.4,17.0794192997438
"Tole Bi",2017,2931,2.17,2,7.5,6.8,3.15,4.363,12.765,118.2,59.3,58.8,36.008,41.127,25.433,194.258,0.538,20.2,16.9204737732657
"Tole Bi",2018,2989,2.03,2,8.2,6.8,3.18,4.713,19.083,117.3,59.1,58.6,38.592,42.649,22.603,187.751,0.409,20.4,17.0502983802217
"Tulkibas",2000,1768,1.8,7,20.3,11.4,4.52,2.279,0.856,87.9,42.6,42.6,10.262,10.182,5.313,80.364,1.388,17.11,79.6359499431172
"Tulkibas",2001,1821,1.84,8,19.57,11.1,4.82,2.502,0.891,89,42.67,44.1,16.072,16.795,20.835,90.09,1.422,17.05,89.8876404494382
"Tulkibas",2002,1837,1.77,8,15.63,10.6,4.87,2.52,0.8009,88.9,43.3,45,18.053,18.47,17.469,81.833,1.271,16.88,89.9887514060742
"Tulkibas",2003,1875,1.67,8,13.6,10.6,4.78,2.85,0.8922,89.1,44.16,45.8,21.762,21.661,16.7,14,1.1,17.04,89.7867564534231
"Tulkibas",2004,2008,1.87,6,12.9,9.9,4.7,3.053,0.8688,90.8,44.95,46.71,27.335,14.692,14.779,13.798,1.089,16.97,66.079295154185
"Tulkibas",2005,2000,1.86,6,11.7,9.5,4.86,3.337,0.873,92.5,42.5,44.1,26.984,28.075,11.05,135.113,1.044,16.95,64.8648648648649
"Tulkibas",2006,2331,1.89,6,17.7,9.3,4.51,4.29,0.881,94.3,46.7,48.6,19.957,21.22,16.458,93.691,0.81,16.85,63.626723223754
"Tulkibas",2007,1858,1.56,5,17.6,9.2,4.3,3.202,0.8796,96.5,47.8,49.7,39.782,28.466,19.668,145.824,0.861,17.2,51.8134715025907
"Tulkibas",2008,2533,1.54,6,18.2,8.9,4.22,3.025,0.883,98.6,48.9,50.7,38.712,26.227,27.769,113.306,0.851,0,60.8519269776876
"Tulkibas",2009,2568,1.67,6,9,8.6,4.15,3.326,1.092,100,49,21,63.306,28.623,34.207,147.712,0.761,0,60
"Tulkibas",2010,2543,1.81,6,12.3,5.7,3.88,3.742,0.282,99.1,49.2,51.4,33.128,31.604,28.426,154.823,0.684,NA,60.5449041372351
"Tulkibas",2011,1928,1.87,4,14.7,8.6,3.27,4.268,0.379,102.2,51.5,52.4,39.637,45.52,20.575,158.133,0.676,NA,39.1389432485323
"Tulkibas",2012,2583,1.88,4,12.7,7.5,3.19,4.589,0.403,105.3,53,53.4,28.015,27.037,20.038,161.187,0.646,NA,37.9867046533713
"Tulkibas",2013,1708,1.95,4,12.4,7.5,3.14,4.469,0.405,107.4,54,54.5,27.663,26.704,22.83,159.069,0.636,NA,37.243947858473
"Tulkibas",2014,2713,1.98,4,13.5,7.2,3.48,4.348,9.655,108.5,54.3,54.8,27.794,25.104,22.948,172.999,0.605,NA,36.8663594470046
"Tulkibas",2015,2706,1.9,4,12.8,7.4,3.4,4.095,9.505,109.6,54.3,54.8,62.464,51.757,27.689,228.522,0.47,NA,36.4963503649635
"Tulkibas",2016,2560,1.9,4,9.6,7.3,3.38,4.56,10.853,110.5,55.3,55.5,62.782,51.809,22.064,228.974,0.383,NA,36.1990950226244
"Tulkibas",2017,2403,2.04,4,1.7,7,3.37,4.61,11.289,111.2,55.5,55.6,54.04,50.942,23.819,183.112,0.507,NA,35.9712230215827
"Tulkibas",2018,2414,2.04,1,7.9,6.1,3.38,4.909,14.969,111,55.6,55.7,67.388,45.177,24.291,175.765,0.369,NA,9.00900900900901
"Turkistan city",2000,4273,1.83,9,19.7,11.2,3.22,2.669,1.012,177.2,86.5,86.58,76.518,29.526,17.539,272.212,1.242,48.42,50.7900677200903
"Turkistan city",2001,4248,2.02,9,17.19,10.8,3.08,2.133,1.066,180,87.08,88.1,50.356,22.989,12.589,146.383,1.189,48.04,50
"Turkistan city",2002,4353,2.04,9,15.49,10.9,3.14,2.08,1.061,179.8,89.7,89.7,74.416,27.641,10.634,155.578,1.09,48.11,50.055617352614
"Turkistan city",2003,4952,2.35,9,14.2,10.6,3.09,1.73,1.0724,179.7,90.29,90.99,65.982,36,76.761,205.882,1.53,47.91,50.0834724540902
"Turkistan city",2004,5407,2.36,10,14.5,10.3,3.14,1.881,1.0552,182.8,92.06,92.34,97.035,30.831,30,241.044,1.264,47.75,54.7045951859956
"Turkistan city",2005,5362,2.35,10,14.5,9.6,3.09,2.073,1.056,186.4,86.4,88.1,53.12,43.535,18.315,174.726,1.01,47.75,53.6480686695279
"Turkistan city",2006,5693,2.4,10,16.2,9.7,2.99,2.666,1.078,191,96.5,96.9,48.178,35.246,9.55,178.818,0.87,48,52.3560209424084
"Turkistan city",2007,6304,1.78,10,18.4,9.2,4.93,2.916,1.0612,195.6,98.7,99,44.755,31.012,26.82,156.447,0.844,48,51.1247443762781
"Turkistan city",2008,7258,1.88,12,26.5,8.8,3.11,3.062,1.054,199.9,100,100.1,33.438,19.865,7.49,63.402,0.838,58.7,60.0300150075037
"Turkistan city",2009,7056,1.89,12,22.5,8.3,3.44,3.176,1.532,202,101,101,27.17,26.647,14.96,64.472,0.725,119,59.4059405940594
"Turkistan city",2010,7216,1.94,12,20.8,9,2.46,3.533,0.287,233.5,118,117.8,47.448,19.268,3.632,72.861,0.696,58.5,51.3918629550321
"Turkistan city",2011,7801,2.05,11,15.3,10,2.48,3.404,0.331,237.2,119.6,120,52.981,13.426,8.325,61.91,0.6,62.8,46.3743676222597
"Turkistan city",2012,7580,2.1,10,18.8,9.3,2.34,3.136,0.354,241.8,122,121.8,54.711,13.854,8.197,61.841,0.556,62.7,41.3564929693962
"Turkistan city",2013,8239,2.05,10,13.4,9.3,2.3,3.276,0.377,246.3,125.8,125,54.133,13.735,8.274,61.218,0.529,62.5,40.6008932196508
"Turkistan city",2014,8122,2.05,8,12.1,9.4,1.92,3.069,8.839,251,127.1,126,71.805,11.725,8.53,66.948,0.532,62.3,31.8725099601594
"Turkistan city",2015,7770,2.18,7,9.7,9.6,2.18,2.858,9.972,255,127.1,126,56.825,21.191,24.943,99.5248,0.426,62.3,27.4509803921569
"Turkistan city",2016,8229,2.05,11,11.9,9.2,2.12,3.297,10.774,258.1,130.4,128.9,66.273,33.613,10.358,178.922,0.361,61.7,42.6191398682681
"Turkistan city",2017,8092,2.21,6,9,8.2,1.98,3.596,11.743,262.8,132.3,130.5,70.229,47.018,10.019,150.54,0.763,61.5,22.8310502283105
"Turkistan city",2018,6196,2.15,16,8,7.6,5.3,4.561,26.493,170.4,82.6,82,116.329,71.669,14.943,261.221,0.455,100,93.8967136150235
